"Category";"CommonName";"FullName";"ShortName";"OrgInfo";"ObjectAddress";"ChiefOrg";"ChiefName";"ChiefPosition";"PublicPhone";"Fax";"Email";"WorkingHours";"ClarificationOfWorkingHours";"WebSite";"global_id";"LandArea";"ExpositionArea";"TotalObjAmount";"PaintingsAmount";"GraphicsAmount";"SculptureAmount";"AppliedArtsAmount";"NumismatObjAmount";"ArchObjAmount";"EthnoObjAmount";"WeaponsObjAmount";"RarePaperAmount";"NatureObjAmount";"TechHistoryObjAmount";"OtherObjAmount";"TotalPreciousObjAmount";"geoData";"geodata_center";
"Категория";"Общепринятое наименование";"Полное официальное наименование";"Сокращенное официальное наименование";"Информация о юридическом лице";"Адреса объекта";"Вышестоящая организация";"ФИО руководителя";"Должность руководителя";"Контактный телефон";"Факс";"Адрес электронной почты";"График работы";"Уточнение к графику работы";"Сайт";"global_id";"Общая площадь (кв. м.)";"Выставочная площадь (кв. м.)";"Всего предметов";"Количество объектов живописи";"Количество объектов графики";"Количество скульптурных объектов";"Количество изделий прикладного искусства";"Количество предметов нумизматики";"Количество предметов археологии";"Количество предметов этнографии";"Количество предметов оружия";"Количество документов, редких книг";"Количество предметов естественнонаучной коллекции";"Количество предметов истории техники";"Количество прочих предметов";"Количество предметов, содержащих драгоценные металлы и камни (из общего количества объектов)";"geoData";"geodata_center";
"Музей";"Музей С.А. Есенина";"Государственное бюджетное учреждение культуры города Москвы «Московский государственный музей С.А. Есенина»";"ГБУК г. Москвы «МГМ С.А. Есенина»";"nested data";"nested data";"Департамент культуры города Москвы";"Робинов Олег Юрьевич";"директор";"nested data";"nested data";"nested data";"nested data";"Режим работы: Отдел музея (переулок Чернышевского) : ежедневно с 10:00 до 18:00, понедельник и вторник - выходные (в понедельник и вторник открыт только в дни экспонирования передвижных выставок и во время проведения культурно-массовых мероприятий); Отдел музея (улица Клязьминская) - понедельник, вторник - выходные дни, четверг с 13.00-21.00, среда, пятница, суббота, воскресенье с 10.00-18.00; Основная экспозиция (Строченовский переулок) - среда, пятница, суббота, воскресенье с 10 до 18ч, четверг - с 13 до 21.00, понедельник и вторник - выходные, касса закрывается на час раньше.";"esenin-museum.ru";"2639269528";"4241.9";"187.5";"5551";"158";"368";"46";"594";"12";"";"";"";"811";"";"8";"3554";"";"{coordinates=[[37.630744, 55.726663], [37.609302682, 55.782168006], [37.529163155, 55.893201931]], type=MultiPoint}";"";
"Музей";"Выставочные залы в Государственном музее А.С. Пушкина на Арбате";"Государственное бюджетное учреждение культуры города Москвы «Государственный музей А.С.Пушкина», выставочные залы";"ГБУК «ГМП», Выставочные залы";"nested data";"nested data";"Государственное бюджетное учреждение культуры города Москвы «Государственный музей А.С.Пушкина»";"Богатырев Евгений Анатольевич";"директор";"nested data";"nested data";"nested data";"nested data";"Касса до 17.30, в четверг до 20.30.";"pushkinmuseum.ru";"2639269587";"";"";"";"";"";"";"";"";"";"";"";"";"";"";"";"";"{coordinates=[[37.585378084, 55.747357758]], type=MultiPoint}";"";
"Музей";"Дом-музей Марины Цветаевой";"Государственное бюджетное учреждение культуры города Москвы «Дом-музей Марины Цветаевой»";"ГБУК г. Москвы «Дом-музей Марины Цветаевой»";"nested data";"nested data";"Департамент культуры города Москвы";"Чурсина Юлия Александровна";"директор";"nested data";"nested data";"nested data";"nested data";"Последняя пятница месяца - санитарный день";"dommuseum.ru";"2639269595";"1180.8";"535";"40899";"104";"1031";"79";"566";"1";"";"";"";"39118";"";"";"";"";"{coordinates=[[37.59001534, 55.754001415], [37.590200099, 55.754221088]], type=MultiPoint}";"";
"Музей";"Музейно-выставочный центр «Ильинка»";"Государственное бюджетное учреждение культуры города Москвы «Музейное объединение «Музей Москвы», Музейно-выставочный центр «Ильинка»";"ГБУК города Москвы «Музейное объединение «Музей Москвы», Музейно-выставочный центр «Ильинка»";"nested data";"nested data";"Государственное бюджетное учреждение культуры города Москвы «Музейное объединение «Музей Москвы»";"Трапкова Анна Владимировна";"генеральный директор";"nested data";"nested data";"nested data";"nested data";"";"mosmuseum.ru";"2639269598";"";"";"";"";"";"";"";"";"";"";"";"";"";"";"";"";"{coordinates=[[37.626225, 55.753236]], type=MultiPoint}";"";
"Музей";"Музей обороны Москвы";"Государственное бюджетное учреждение культуры города Москвы «Государственный музей обороны Москвы»";"ГБУК г. Москвы «Государственный музей обороны Москвы»";"nested data";"nested data";"Департамент культуры города Москвы";"Сереброва Елена Владимировна";"директор";"nested data";"nested data";"nested data";"nested data";"Касса музея закрывается на 30 мин. раньше окончания работы музея. Последняя пятница месяца - санитарный день.";"gmom.ru";"2639269603";"2900";"2177";"61802";"423";"4074";"130";"1700";"3639";"1991";"";"258";"36324";"";"46";"20592";"224";"{coordinates=[[37.467240369, 55.676246764]], type=MultiPoint}";"";
"Музей";"Музей В.А. Тропинина";"Государственное бюджетное учреждение культуры города Москвы «Музей В.А. Тропинина и московских художников его времени»";"ГБУК г. Москвы «Музей В.А. Тропинина»";"nested data";"nested data";"Департамент культуры города Москвы";"Журавлева Ольга Игоревна";"директор";"nested data";"nested data";"nested data";"nested data";"";"museum-tropinina.ru";"2639269656";"645";"233";"2865";"533";"433";"97";"1331";"";"";"";"";"21";"";"";"450";"";"{coordinates=[[37.622786431, 55.733791967], [37.622805345, 55.733475648]], type=MultiPoint}";"";
"Музей";"Музей-усадьба «Останкино»";"Государственное бюджетное учреждение культуры города Москвы «Государственный дворцово-парковый музей-заповедник «Останкино и Кусково»";"ГБУК г. Москвы «ГМЗ «Останкино и Кусково»";"nested data";"nested data";"Департамент культуры города Москвы";"Авдонин Сергей Владимирович";"директор";"nested data";"nested data";"nested data";"nested data";"Музей закрыт на реставрацию.";"ostankino-museum.ru";"2639269676";"";"";"";"";"";"";"";"";"";"";"";"";"";"";"";"";"{coordinates=[[37.61453, 55.824961]], type=MultiPoint}";"";
"Музей";"Музей В. В. Маяковского";"Государственное бюджетное учреждение культуры города Москвы «Государственный музей В. В. Маяковского»";"ГБУК г. Москвы ГММ";"nested data";"nested data";"Департамент культуры города Москвы";"Лисенко Владимир Владимирович";"директор";"nested data";"nested data";"nested data";"nested data";"В настоящее время основное здание Музея (на Лубянском проезде) закрыто на ремонт. Режим работы музея-квартир по адресам ул.Красная Пресня, д.36 стр.1 и Студенецкий пер., д.6: вторник, среда, пятница, суббота: 12:00 - 20:00; четверг: 13:00 - 21:00; понедельник, воскресенье - выходные дни. Вход на выставку осуществляется по предварительной записи.";"музеймаяковского.рф";"2639269705";"";"";"63110";"177";"11881";"85";"932";"63";"";"";"2";"33063";"";"18";"16889";"61";"{coordinates=[[37.55652421, 55.758465533], [37.567000193, 55.762519818]], type=MultiPoint}";"";
"Музей";"Территория «Коломенское»";"Государственное бюджетное учреждение культуры города Москвы «Московский государственный объединенный художественный историко-архитектурный и природно-ландшафтный музей-заповедник», усадьба «Коломенское»";"Московский государственный объединенный музей-заповедник, Московский объединенный музей-заповедник, МГОМЗ, территория усадьбы «Коломенское»";"nested data";"nested data";"Государственное бюджетное учреждение культуры города Москвы «Московский государственный объединенный художественный историко-архитектурный и природно-ландшафтный музей-заповедник»";"Люльчук Марина Васильевна";"директор";"nested data";"nested data";"nested data";"nested data";"С 1 мая по 30 сентября (летний период) вторник-воскресенье 10:00 - 18:00, понедельник выходной.";"mgomz.ru";"2639269716";"2548947";"7624.4";"167506";"2143";"12061";"73";"24733";"3428";"88367";"1835";"115";"10291";"";"";"2519";"1114";"{coordinates=[[37.670559394, 55.67005319], [37.668989666, 55.667203968], [37.670798111, 55.667268297], [37.669196832, 55.667290989], [37.664575386, 55.668218299], [37.671636112, 55.668594004], [37.661297726, 55.663999086], [37.669525099, 55.6681638], [37.660906124, 55.664106501], [37.669972682, 55.666894868], [37.666986949, 55.667363648], [37.677863741, 55.673605718], [37.670670516, 55.673877204], [37.665214967, 55.672198238], [37.656204212, 55.655869502], [37.669598514, 55.671137215], [37.675347137, 55.672930149], [37.665149379, 55.672166308], [37.669383056, 55.667480466], [37.680874832, 55.671923503], [37.671445377, 55.674833431], [37.668858874, 55.673991939], [37.669770825, 55.667139713], [37.680266578, 55.67209413], [37.671285153, 55.674754039]], type=MultiPoint}";"";
"Музей";"ГМЗ «Кузьминки-Люблино»";"Государственное автономное учреждение культуры города Москвы «Государственный историко-архитектурный и природно-ландшафтный музей-заповедник «Кузьминки-Люблино»";"ГАУК г. Москвы «ГМЗ «Кузьминки-Люблино»";"nested data";"nested data";"Департамент культуры города Москвы";"Юрманова Светлана Алексеевна";"директор";"nested data";"nested data";"nested data";"nested data";"Указан график работы парковой территории.";"park-kuzminki.ru";"2639269724";"";"";"";"";"";"";"";"";"";"";"";"";"";"";"";"";"{coordinates=[[37.766159987, 55.695243907], [37.767411279, 55.695566342], [37.766530132, 55.694663418]], type=MultiPoint}";"";
"Музей";"Экскурсионный отдел павильона «Геология», Биологический музей имени К.А. Тимирязева";"Государственное бюджетное учреждение культуры города Москвы «Государственный биологический музей имени К.А. Тимирязева», Экскурсионный отдел павильона «Геология»";"ГБУК г. Москвы ГБМТ, Экскурсионный отдел павильона «Геология»";"nested data";"nested data";"Департамент культуры города Москвы";"Рябоконь Игорь Степанович";"директор";"nested data";"nested data";"nested data";"nested data";"Вход прекращается за час до закрытия павильона.";"gbmt.ru";"2639269746";"";"";"";"";"";"";"";"";"";"";"";"";"";"";"";"";"{coordinates=[[37.619951, 55.834936]], type=MultiPoint}";"";
"Музей";"Дом русского зарубежья имени А. Солженицына";"Государственное бюджетное учреждение культуры города Москвы «Дом русского зарубежья имени Александра Солженицына»";"ГБУК г. Москвы «Дом русского зарубежья им. А. Солженицына»";"nested data";"nested data";"Департамент культуры города Москвы";"Москвин Виктор Александрович";"директор";"nested data";"nested data";"nested data";"nested data";"График работы Музея-квартиры А.Солженицына - пон., вт. - выходные, ср, пят., субб., воскр.: 12:00-19:00, чт: 14:00-21:00. Библиотека - пн., вт., ср., пятн.: 12:00-19:00, чт. 12:00-20:00, сб. и воскр. - выходные.";"domrz.ru";"2639269766";"12683.6";"1232.16";"7189";"201";"1907";"12";"469";"325";"76";"";"";"94";"";"51";"914";"142";"{coordinates=[[37.651072551, 55.742867242], [37.609207844, 55.764025151], [37.651561267, 55.743037446], [37.651647138, 55.742259492]], type=MultiPoint}";"";
"Музей";"Музейно - выставочный Центр В.А. Гиляровского";"Государственное бюджетное учреждение культуры города Москвы «Музейное объединение «Музей Москвы», Музейно-выставочный Центр В.А. Гиляровского";"ГБУК города Москвы «Музейное объединение «Музей Москвы», Музейно-выставочный Центр В.А. Гиляровского";"nested data";"nested data";"Государственное бюджетное учреждение культуры города Москвы «Музейное объединение «Музей Москвы»";"Трапкова Анна Владимировна";"генеральный директор";"nested data";"nested data";"nested data";"nested data";"";"mosmuseum.ru";"2639269786";"";"";"55";"";"";"";"18";"";"20";"";"12";"1";"";"";"4";"";"{coordinates=[[37.6154241, 55.763423741]], type=MultiPoint}";"";
"Музей";"Мемориальный музей А.Н. Скрябина, Музей русской гармоники А. Мирека";"Государственное бюджетное учреждение культуры города Москвы «Мемориальный музей А.Н. Скрябина», Музей русской гармоники А. Мирека";"ГБУК г. Москвы «Мемориальный музей А.Н. Скрябина», Музей русской гармоники А. Мирека";"nested data";"nested data";"Департамент культуры города Москвы";"Лазарев Александр Иванович";"директор";"nested data";"nested data";"nested data";"nested data";"Касса закрывается за 30 минут до окончания работы музея. Последняя пятница каждого месяца - санитарный день. Среда каждой третьей недели месяца – бесплатно.";"scriabinmuseum.ru";"2639269788";"";"";"";"";"";"";"";"";"";"";"";"";"";"";"";"";"{coordinates=[[37.594766831, 55.772064368]], type=MultiPoint}";"";
"Музей";"Государственный музей А. С. Пушкина";"Государственное бюджетное учреждение культуры города Москвы «Государственный музей А. С. Пушкина»";"ГБУК «ГМП»";"nested data";"nested data";"Департамент культуры города Москвы";"Богатырев Евгений Анатольевич";"директор";"nested data";"nested data";"nested data";"nested data";"Касса до 17.30, в четверг до 20.30.";"pushkinmuseum.ru";"2639269833";"";"";"";"";"";"";"";"";"";"";"";"";"";"";"";"";"{coordinates=[[37.597304201, 55.744179538], [37.596769142, 55.744201123], [37.597289491, 55.743807067], [37.598266611, 55.744159045], [37.598559102, 55.743826194], [37.597676411, 55.743593547], [37.59703598, 55.744188597], [37.5969877, 55.744412044]], type=MultiPoint}";"";
"Музей";"Музей истории ГУЛАГа";"Государственное бюджетное учреждение культуры города Москвы «Государственный музей истории «ГУЛАГа»";"ГБУК «Музей истории «ГУЛАГа»";"nested data";"nested data";"Департамент культуры города Москвы";"Романов Роман Владимирович";"директор";"nested data";"nested data";"nested data";"nested data";"Последняя пятница месяца санитарный день. Каждый третий вторник месяца - бесплатное посещение. Отделение музея «Дом на набережной» закрыто на реэкспозицию.";"gmig.ru";"2639269834";"3403.9";"936.2";"5055";"";"";"";"";"";"";"";"";"";"";"";"";"";"{coordinates=[[37.612106462, 55.744105912], [37.613638854, 55.777072952]], type=MultiPoint}";"";
"Музей";"Экспозиция «Дача»";"Государственное бюджетное учреждение культуры города Москвы «Московская государственная картинная галерея народного художника СССР Ильи Глазунова», Экспозиция «Дача»";"ГБУК г. Москвы «Галерея Ильи Глазунова», Экспозиция «Дача»";"nested data";"nested data";"Департамент культуры города Москвы";"Орлова-Глазунова Инесса Дмитриевна";"директор";"nested data";"nested data";"nested data";"nested data";"";"naive-museum.ru";"2639269845";"";"";"";"";"";"";"";"";"";"";"";"";"";"";"";"";"{coordinates=[[37.813515, 55.749991]], type=MultiPoint}";"";
"Музей";"Музей археологии Москвы";"Государственное бюджетное учреждение культуры города Москвы «Музейное объединение «Музей Москвы», Музей археологии Москвы";"ГБУК города Москвы «Музейное объединение «Музей Москвы», Музей археологии Москвы";"nested data";"nested data";"Государственное бюджетное учреждение культуры города Москвы «Музейное объединение «Музей Москвы»";"Трапкова Анна Владимировна";"генеральный директор";"nested data";"nested data";"nested data";"nested data";"Касса закрывается на час раньше каждую пятницу, санитарного дня нет.";"mosmuseum.ru";"2639269856";"1306.4";"1306.4";"2863";"";"";"";"15";"17";"2643";"";"";"1";"";"";"187";"187";"{coordinates=[[37.617210248, 55.756328094]], type=MultiPoint}";"";
"Музей";"Мемориальный музей космонавтики";"Государственное бюджетное учреждение культуры города Москвы «Мемориальный музей космонавтики»";"ГБУК г. Москвы «ММК»";"nested data";"nested data";"Департамент культуры города Москвы";"Артюхина Наталья Витальевна";"директор";"nested data";"nested data";"nested data";"nested data";"Кассы закрываются за полчаса до закрытия музея.";"kosmo-museum.ru";"2639269858";"18740";"4861";"91575";"243";"";"80";"";"";"";"";"";"";"";"";"91252";"";"{coordinates=[[37.639664179, 55.822792255]], type=MultiPoint}";"";
"Музей";"Московская школа фотографии и мультимедиа имени А.Родченко, Мультимедийный комплекс актуальных искусств";"Государственное бюджетное учреждение культуры и дополнительного образования города Москвы «Мультимедийный комплекс актуальных искусств», Московская школа фотографии и мультимедиа имени А.Родченко";"ГБУКиДО г. Москвы «МКАИ», Московская школа фотографии и мультимедиа имени А.Родченко";"nested data";"nested data";"Департамент культуры города Москвы";"Свиблова Ольга Львовна";"директор";"nested data";"nested data";"nested data";"nested data";"";"mdfschool.ru";"2639269904";"";"";"";"";"";"";"";"";"";"";"";"";"";"";"";"";"{coordinates=[[37.58963983, 55.73986478], [37.592016959, 55.740348186], [37.595045781, 55.733150505], [37.665440273, 55.782544557]], type=MultiPoint}";"";
"Музей";"Московская Усадьба Деда Мороза";"Государственное автономное учреждение культуры города Москвы «Государственный историко-архитектурный и природно-ландшафтный музей-заповедник «Кузьминки-Люблино», Московская Усадьба Деда Мороза";"ГАУК г. Москвы «ГМЗ «Кузьминки-Люблино», Московская Усадьба Деда Мороза";"nested data";"nested data";"Департамент культуры города Москвы";"Юрманова Светлана Алексеевна";"директор";"nested data";"nested data";"nested data";"nested data";"Проведение экскурсий ежедневно, с 09.00 до 20.00";"dedmorozmos.ru";"2639269906";"";"";"";"";"";"";"";"";"";"";"";"";"";"";"";"";"{coordinates=[[37.809198105, 55.688696952], [37.809746309, 55.688374142], [37.810277, 55.688487], [37.809259796, 55.688323503], [37.809661154, 55.688700007]], type=MultiPoint}";"";
"Музей";"Мемориальная квартира А. Белого";"Государственное бюджетное учреждение культуры города Москвы «Государственный музей А. С. Пушкина», Мемориальная квартира А. Белого";"ГБУК г. Москвы «ГМП», Мемориальная квартира А. Белого";"nested data";"nested data";"Государственное бюджетное учреждение культуры города Москвы «Государственный музей А. С. Пушкина»";"Богатырев Евгений Анатольевич";"директор";"nested data";"nested data";"nested data";"nested data";"Касса до 17.30, в четверг до 20.30.";"pushkinmuseum.ru";"2639269922";"583.1";"583.1";"1537";"";"";"";"";"";"";"";"";"";"";"";"";"";"{coordinates=[[37.585440971, 55.74712165]], type=MultiPoint}";"";
"Музей";"Картинная галерея А. Шилова";"Государственное бюджетное учреждение культуры города Москвы «Московская государственная картинная галерея народного художника СССР А. Шилова»";"ГБУК г. Москвы «Московская государственная картинная галерея народного художника СССР А. Шилова»";"nested data";"nested data";"Департамент культуры города Москвы";"Вохминцева Юлия Геннадьевна";"директор";"nested data";"nested data";"nested data";"nested data";"";"amshilov.ru";"2639269925";"2200";"1554.3";"17835";"431";"504";"";"";"";"";"";"";"1265";"";"";"15635";"";"{coordinates=[[37.607662046, 55.749212581], [37.608033204, 55.74915508], [37.60740457, 55.749284384], [37.608300214, 55.74911907]], type=MultiPoint}";"";
"Музей";"Экспозиция «Музей русского лубка и наивного искусства», Галерея Ильи Глазунова";"Государственное бюджетное учреждение культуры города Москвы «Московская государственная картинная галерея народного художника СССР Ильи Глазунова», Экспозиция «Музей русского лубка и наивного искусства»";"ГБУК г. Москвы «Галерея Ильи Глазунова», Экспозиция «Музей русского лубка и наивного искусства»";"nested data";"nested data";"Департамент культуры города Москвы";"Орлова-Глазунова Инесса Дмитриевна";"директор";"nested data";"nested data";"nested data";"nested data";"";"naive-museum.ru";"2639269940";"";"";"";"";"";"";"";"";"";"";"";"";"";"";"";"";"{coordinates=[[37.634465, 55.769027]], type=MultiPoint}";"";
"Музей";"Музей истории «Лефортово»";"Государственное бюджетное учреждение культуры города Москвы «Музейное объединение «Музей Москвы», Музей истории «Лефортово»";"ГБУК города Москвы «Музейное объединение «Музей Москвы», Музей истории «Лефортово»";"nested data";"nested data";"Государственное бюджетное учреждение культуры города Москвы «Музейное объединение «Музей Москвы»";"Трапкова Анна Владимировна";"генеральный директор";"nested data";"nested data";"nested data";"nested data";"Касса закрывается на 30 минут раньше. Каждое третье воскресенье месяца - вход свободный. Санитарного дня нет.";"mosmuseum.ru";"2639269945";"837.2";"837.2";"204";"";"";"";"141";"";"19";"";"17";"24";"";"";"3";"";"{coordinates=[[37.710756441, 55.769650548]], type=MultiPoint}";"";
"Музей";"Музей Москвы";"Государственное бюджетное учреждение культуры города Москвы «Музейное объединение «Музей Москвы»";"ГБУК города Москвы «Музейное объединение «Музей Москвы»";"nested data";"nested data";"Департамент культуры города Москвы";"Трапкова Анна Владимировна";"генеральный директор";"nested data";"nested data";"nested data";"nested data";"";"mosmuseum.ru";"2639269962";"22319.8";"6757.8";"795036";"1936";"31467";"303";"36503";"130603";"270430";"";"89";"204364";"";"117";"119224";"114763";"{coordinates=[[37.620477, 55.837691], [37.593635, 55.736876], [37.5924, 55.736957], [37.594343042, 55.73684733], [37.594116, 55.736216], [37.593299579, 55.736339047]], type=MultiPoint}";"";
"Музей";"Дом-музей В.Л. Пушкина";"Государственное бюджетное учреждение культуры города Москвы «Государственный музей А.С. Пушкина», Дом-музей В.Л. Пушкина";"ГБУК «ГМП», Дом-музей В.Л. Пушкина";"nested data";"nested data";"Государственное бюджетное учреждение культуры города Москвы «Государственный музей А.С. Пушкина»";"Богатырев Евгений Анатольевич";"директор";"nested data";"nested data";"nested data";"nested data";"Касса до 17.30, в четверг до 20.30.";"pushkinmuseum.ru";"2639269969";"";"";"";"";"";"";"";"";"";"";"";"";"";"";"";"";"{coordinates=[[37.668995666, 55.769071428]], type=MultiPoint}";"";
"Музей";"Дарвиновский музей";"Государственное бюджетное учреждение культуры города Москвы «Государственный Дарвиновский музей»";"ГБУК ГДМ";"nested data";"nested data";"Департамент культуры города Москвы";"Клюкина Анна Иосифовна";"директор";"nested data";"nested data";"nested data";"nested data";"В четверг основная экспозиция открыта для посетителей с 10 часов до 18 часов, выставочные залы работают с 13 часов до 21 часа. Четверг каждой третьей недели месяца вход в музей бесплатный.";"darwinmuseum.ru";"2639269970";"13960";"7213.6";"350819";"1850";"9234";"1331";"595";"8";"2447";"154";"";"17816";"306015";"";"11369";"";"{coordinates=[[37.561343674, 55.690684243], [37.562417369, 55.690860704]], type=MultiPoint}";"";
"Музей";"Мемориальная квартира А. С. Пушкина";"Государственное бюджетное учреждение культуры города Москвы «Государственный музей А. С. Пушкина», Мемориальная квартира А. С. Пушкина";"ГБУК «ГМП», Мемориальная квартира А.С. Пушкина";"nested data";"nested data";"Государственное бюджетное учреждение культуры города Москвы «Государственный музей А. С. Пушкина»";"Богатырев Евгений Анатольевич";"директор";"nested data";"nested data";"nested data";"nested data";"Касса до 17.30, в четверг до 20.30.";"pushkinmuseum.ru";"2639269997";"600";"150";"164306";"8535";"17630";"437";"4529";"656";"59";"";"18";"103864";"";"";"32153";"237";"{coordinates=[[37.585889436, 55.747514744]], type=MultiPoint}";"";
"Музей";"Мультимедийный комплекс актуальных искусств, Мультимедиа Арт Музей";"Государственное бюджетное учреждение культуры и дополнительного образования города Москвы «Мультимедийный комплекс актуальных искусств», Мультимедиа Арт Музей";"ГБУКиДО г. Москвы «МКАИ», Мультимедиа Арт Музей";"nested data";"nested data";"Департамент культуры города Москвы";"Свиблова Ольга Львовна";"директор";"nested data";"nested data";"nested data";"nested data";"";"mamm-mdf.ru";"2639270017";"10300";"7338";"91894";"";"";"";"";"";"";"";"";"";"";"10";"91884";"";"{coordinates=[[37.598370081, 55.741666832]], type=MultiPoint}";"";
"Музей";"Усадьба «Люблино»";"Государственное автономное учреждение культуры города Москвы «Государственный историко-архитектурный и природно-ландшафтный музей-заповедник «Кузьминки-Люблино», Усадьба «Люблино»";"ГАУК г. Москвы «ГМЗ «Кузьминки-Люблино», Усадьба «Люблино»";"nested data";"nested data";"Департамент культуры города Москвы";"Юрманова Светлана Алексеевна";"директор";"nested data";"nested data";"nested data";"nested data";"Указано время работы музея";"park-kuzminki.ru";"2639270036";"";"";"";"";"";"";"";"";"";"";"";"";"";"";"";"";"{coordinates=[[37.743689823, 55.688082878], [37.384814015, 55.68160696], [37.743063401, 55.68866363]], type=MultiPoint}";"";
"Музей";"Музей-заповедник «Царицыно»";"Государственное бюджетное учреждение культуры города Москвы «Государственный историко-архитектурный, художественный и ландшафтный музей-заповедник «Царицыно»";"ГБУК г. Москвы «ГМЗ «Царицыно»";"nested data";"nested data";"Департамент культуры города Москвы";"Фокина Елизавета Борисовна";"генеральный директор";"nested data";"nested data";"nested data";"nested data";"Время работы Оранжереи совпадает с временем работы музея, кроме вт.- выходной. Парк работает ежедневно с 6 до 24ч.";"tsaritsyno-museum.ru";"2639270046";"48316";"15591.4";"41825";"678";"2524";"210";"23798";"2958";"10140";"";"";"1423";"";"";"94";"2543";"{coordinates=[[37.686477997, 55.614268008], [37.689427352, 55.615221553], [37.680581426, 55.614594432], [37.680580127, 55.615443159], [37.673280453, 55.618060132], [37.684418368, 55.615897585], [37.683754876, 55.617951043], [37.672889661, 55.61153274], [37.684100484, 55.615588126], [37.688874817, 55.615751719], [37.674744731, 55.614523138], [37.682180023, 55.615515417], [37.679788863, 55.617386981], [37.673527217, 55.619496005], [37.688467121, 55.616430322]], type=MultiPoint}";"";
"Музей";"Музей-усадьба «Кусково»";"Государственное бюджетное учреждение культуры города Москвы «Государственный дворцово-парковый музей-заповедник «Останкино и Кусково».";"ГБУК г.Москвы «ГМЗ «Останкино и Кусково».";"nested data";"nested data";"Департамент культуры города Москвы";"Авдонин Сергей Владимирович";"директор";"nested data";"nested data";"nested data";"nested data";"Указан зимний режим работы, касса до 17.30. Последняя среда месяца – санитарный день.";"kuskovo.ru";"2639270060";"266459";"3510.6";"50710";"692";"1898";"147";"45706";"";"";"";"";"2267";"";"";"";"224";"{coordinates=[[37.811528253, 55.737423111], [37.807892333, 55.737345811], [37.805591594, 55.736984236], [37.810455333, 55.738164585], [37.812548038, 55.735075664], [37.810375, 55.734988], [37.811280107, 55.735246624], [37.811478999, 55.737323028], [37.808941221, 55.735001982]], type=MultiPoint}";"";
"Музей";"Экспозиции «Галерея Ильи Глазунова» и Музей сословий России";"Государственное бюджетное учреждение культуры города Москвы «Московская государственная картинная галерея народного художника СССР Ильи Глазунова»";"ГБУК г. Москвы «Галерея Ильи Глазунова»";"nested data";"nested data";"Департамент культуры города Москвы";"Орлова-Глазунова Инесса Дмитриевна";"директор";"nested data";"nested data";"nested data";"nested data";"Касса закрывается за 45 минут до окончания работы музея";"glazunov-gallery.ru";"2639270062";"10203";"5099";"8433";"736";"2075";"67";"3541";"47";"23";"";"19";"67";"";"";"1858";"";"{coordinates=[[37.606655126, 55.746426028], [37.607646799, 55.746667585]], type=MultiPoint}";"";
"Музей";"Картинная галерея Василия Нестеренко";"Государственное бюджетное учреждение культуры города Москвы «Московская государственная картинная галерея Василия Нестеренко»";"ГБУК г. Москвы «Галерея В.Нестеренко»";"nested data";"nested data";"Департамент культуры города Москвы";"Компанцев Алексей Викторович";"директор";"nested data";"nested data";"nested data";"nested data";"Выставочной площадкой Московской государственной картинной галереи Василия Нестеренко является Выставочный зал «Домик Чехова» на улице М.Дмитровка, дом 29, строение 4. В графике работы указано время работы выставочной экспозиции.";"nesterenko.arts.mos.ru";"2639270087";"202.6";"";"51";"49";"2";"";"";"";"";"";"";"";"";"";"";"";"{coordinates=[[37.60411303, 55.771672551]], type=MultiPoint}";"";
"Музей";"Экспозиция «Народные картины»";"Государственное бюджетное учреждение культуры города Москвы «Московская государственная картинная галерея народного художника СССР Ильи Глазунова», Экспозиция «Народные картины»";"ГБУК г. Москвы «Галерея Ильи Глазунова», Экспозиция «Народные картины»";"nested data";"nested data";"Департамент культуры города Москвы";"Орлова-Глазунова Инесса Дмитриевна";"директор";"nested data";"nested data";"nested data";"nested data";"";"naive-museum.ru";"2639270088";"";"";"";"";"";"";"";"";"";"";"";"";"";"";"";"";"{coordinates=[[37.795624, 55.796101]], type=MultiPoint}";"";
"Музей";"Музей К. Г.Паустовского";"Государственное бюджетное учреждение культуры города Москвы «Музей К.Г.Паустовского»";"ГБУК г. Москвы «Музей К. Г.Паустовского»";"nested data";"nested data";"Департамент культуры города Москвы";"Дормидонтова Анжелика Игоревна";"директор";"nested data";"nested data";"nested data";"nested data";"Последняя пятница месяца — санитарный день.";"mirpaustowskogo.ru";"2639270099";"267.5";"88.1";"23613";"56";"220";"14";"";"";"";"";"";"";"";"";"18118";"";"{coordinates=[[37.788878451, 55.694051335]], type=MultiPoint}";"";
"Музей";"Музей М. А. Булгакова";"Государственное бюджетное учреждение культуры города Москвы «Музей М. А. Булгакова»";"ГБУК г. Москвы «Музей М. А. Булгакова»";"nested data";"nested data";"Департамент культуры города Москвы";"Агафонова Валентина Олеговна";"директор";"nested data";"nested data";"nested data";"nested data";"Каждое третье воскресенье месяца музей работает бесплатно. Каждую среду - обзорные экскурсии в 18:00, 19:00, 20:00. Помещение в Б.Афанасьевском переулке закрыто на ремонт.";"bulgakovmuseum.ru";"2639270116";"1191";"131.1";"5254";"56";"310";"";"898";"";"";"";"";"478";"";"49";"3459";"4";"{coordinates=[[37.56569814, 55.729366217], [37.593928874, 55.76710141], [37.596077, 55.749641]], type=MultiPoint}";"";
"Музей";"Музей Зеленограда";"Государственное бюджетное учреждение культуры города Москвы «Музейное объединение «Музей Москвы», Музей Зеленограда";"ГБУК города Москвы «Музейное объединение «Музей Москвы», Музей Зеленограда";"nested data";"nested data";"Департамент культуры города Москвы";"Трапкова Анна Владимировна";"генеральный директор";"nested data";"nested data";"nested data";"nested data";"Последняя пятница месяца – санитарный день. Указано время работы музея по адресу: г. Москва, г. Зеленоград, корп.1410. Здание по адресу: г. Москва, Зеленоград, корп. 360 - на ремонте.";"mosmuseum.ru";"2639270127";"";"";"";"";"";"";"";"";"";"";"";"";"";"";"";"";"{coordinates=[[37.146580433, 55.986681801]], type=MultiPoint}";"";
"Музей";"Музей «Дом Бурганова»";"Государственное бюджетное учреждение культуры города Москвы «Московский государственный музей «Дом Бурганова»";"ГБУК «МГМ «Дом Бурганова»";"nested data";"nested data";"Департамент культуры города Москвы";"Бурганов Александр Николаевич";"директор";"nested data";"nested data";"nested data";"nested data";"";"burganov.ru";"2639270138";"2391";"472";"863";"8";"332";"155";"46";"5";"";"";"";"138";"";"";"179";"";"{coordinates=[[37.597262019, 55.746592018], [37.59664576, 55.746965441]], type=MultiPoint}";"";
"Музей";"Мемориальный музей А.Н. Скрябина";"Государственное бюджетное учреждение культуры города Москвы «Мемориальный музей А.Н. Скрябина»";"ГБУК г. Москвы «Мемориальный музей А.Н. Скрябина»";"nested data";"nested data";"Департамент культуры города Москвы";"Лазарев Александр Иванович";"директор";"nested data";"nested data";"nested data";"nested data";"График работы Дома Скрябина - пн., вт. - выходной, ср.-вс. - 14:00-22:00.";"scriabinmuseum.ru";"2639270148";"1370";"166.3";"27859";"76";"447";"17";"606";"3";"";"606";"";"6783";"";"";"3933";"13";"{coordinates=[[37.590069272, 55.750797108], [37.589602279, 55.750697187]], type=MultiPoint}";"";
"Музей";"Московский зоопарк";"Государственное автономное учреждение города Москвы «Московский государственный зоологический парк»";"ГАУ «Московский зоопарк»";"nested data";"nested data";"Департамент культуры города Москвы";"Акулова Светлана Владимировна";"генеральный директор";"nested data";"nested data";"nested data";"nested data";"Кассы работают до 20.00. Вход в Зоопарк прекращается за час до закрытия, режим работы входов на территорию Зоопарка указан на официальном сайте. Часы работы зоопарка зависят от продолжительности светового дня и указаны на главной странице сайта.";"moscowzoo.ru";"2639270176";"2685650";"37819.9";"9270";"";"";"";"";"";"";"";"";"";"";"";"9270";"";"{coordinates=[[37.575711119, 55.764641273], [37.574338, 55.764013], [37.584111863, 55.763334795], [37.577445859, 55.7639383], [37.582419324, 55.760889734], [37.582248947, 55.763868788], [37.577492106, 55.7643606], [37.579157758, 55.762599551], [37.576633, 55.761168], [37.582102823, 55.760867097], [37.576656556, 55.764571412], [37.583341566, 55.76209498], [37.574676304, 55.762259249], [37.578416818, 55.76112312], [37.584516811, 55.76040077], [37.578202891, 55.763360117], [37.577289299, 55.764167055], [37.577713346, 55.765259508], [37.583012092, 55.764384744], [37.574380743, 55.76498834], [37.575531411, 55.762661423], [37.575896989, 55.76170225], [37.575885463, 55.761905372], [37.583936529, 55.761904628]], type=MultiPoint}";"";
"Музей";"Музей «Садовое кольцо»";"Государственное бюджетное учреждение культуры города Москвы «Музейное объединение «Музей Москвы», Музей «Садовое кольцо»";"ГБУК города Москвы «Музейное объединение «Музей Москвы», Музей «Садовое кольцо»";"nested data";"nested data";"Государственное бюджетное учреждение культуры города Москвы «Музейное объединение «Музей Москвы»";"Трапкова Анна Владимировна";"генеральный директор";"nested data";"nested data";"nested data";"nested data";"";"mosmuseum.ru";"2639270246";"";"";"";"";"";"";"";"";"";"";"";"";"";"";"";"";"{coordinates=[[37.632684, 55.775066], [37.63273, 55.775635]], type=MultiPoint}";"";
"Музей";"Музейно-выставочное объединение «Манеж», Центральный выставочный зал «Манеж»";"Государственное бюджетное учреждение культуры города Москвы «Музейно-выставочное объединение «Манеж», Центральный выставочный зал «Манеж»";"ГБУК г. Москвы «МВО «Манеж», ЦВЗ «Манеж»";"nested data";"nested data";"Департамент культуры города Москвы";"Демидов Иван Иванович";"генеральный директор";"nested data";"nested data";"nested data";"nested data";"Продажа билетов и вход для посетителей до 21:30.";"moscowmanege.ru";"2639270252";"18444.9";"13597";"1608";"255";"";"";"";"";"";"";"";"";"";"";"";"";"{coordinates=[[37.612269884, 55.75337841]], type=MultiPoint}";"";
"Музей";"Биологический музей имени К.А. Тимирязева";"Государственное бюджетное учреждение культуры города Москвы «Государственный биологический музей имени К.А. Тимирязева»";"ГБУК г. Москвы ГБМТ";"nested data";"nested data";"Департамент культуры города Москвы";"Рябоконь Игорь Степанович";"директор";"nested data";"nested data";"nested data";"nested data";"Касса прекращает работу за час до закрытия музея. Последний вторник месяца - санитарный день.";"gbmt.ru";"2639270267";"2597.4";"920";"88010";"171";"3629";"499";"";"";"";"";"";"";"";"";"77658";"";"{coordinates=[[37.571549806, 55.764371301], [37.571118885, 55.764379784]], type=MultiPoint}";"";
"Музей";"Государственный музей - культурный центр «Интеграция» имени Н.А. Островского».";"Государственное бюджетное учреждение культуры города Москвы «Государственный музей - культурный центр «Интеграция» имени Н.А. Островского»";"ГБУК г. Москвы «ГМКЦ «Интеграция»";"nested data";"nested data";"Департамент культуры города Москвы";"Думенко Игорь Сергеевич";"директор";"nested data";"nested data";"nested data";"nested data";"Указано время работы музея на ул.Тверская, д.14. График работы Музея-квартиры И.Д.Сытина: вт - воскр. с 9 до 18ч., пон. - выходной.";"integratsia.su";"2639270271";"";"";"";"";"";"";"";"";"";"";"";"";"";"";"";"";"{coordinates=[[37.60711174, 55.764262514], [37.6074054, 55.763789744]], type=MultiPoint}";"";
"Музей";"Московский музей современного искусства";"Государственное бюджетное учреждение культуры города Москвы «Московский музей современного искусства»";"ГБУК г. Москвы «Московский музей современного искусства»";"nested data";"nested data";"Департамент культуры города Москвы";"Церетели Зураб Константинович";"директор";"nested data";"nested data";"nested data";"nested data";"Кассы работают до 20:30. Музей Вадима Сидура и Музей-мастерская Д.А. Налбандяна работают с 14.00-21.00, пн., вт. – выходные дни. Вторник третьей недели месяца – вход свободный во все здания музея.";"mmoma.ru";"2639270272";"18297.3";"7058.82";"9360";"2560";"3241";"559";"420";"";"";"";"";"1324";"";"";"1256";"";"{coordinates=[[37.60038476, 55.746559336], [37.577006626, 55.76624681], [37.600266281, 55.747114047], [37.576702756, 55.766212709], [37.592133778, 55.765485975], [37.611099117, 55.762630382], [37.799046353, 55.753169303], [37.564031314, 55.744607418], [37.575964305, 55.766347378], [37.614296442, 55.767056477]], type=MultiPoint}";"";
"Музей";"Территория «Измайлово»";"Государственное бюджетное учреждение культуры города Москвы «Московский государственный объединенный художественный историко-архитектурный и природно-ландшафтный музей-заповедник», усадьба «Измайлово»";"Московский государственный объединенный музей-заповедник, Московский объединенный музей-заповедник, МГОМЗ, Территория усадьбы «Измайлово»";"nested data";"nested data";"Государственное бюджетное учреждение культуры города Москвы «Московский государственный объединенный художественный историко-архитектурный и природно-ландшафтный музей-заповедник»";"Люльчук Марина Васильевна";"директор";"nested data";"nested data";"nested data";"nested data";"Указан график работы с 01 апреля по 30 сентября. Территория открыта для посещения: с 1 октября по 30 апреля – с 08.00 до 21.00, с 1 мая по 30 сентября – с 07.00 до 24.00. Время работы экспозиций и выставок с 1 октября по 31 марта – с 10.00 до 18.00, пон.- выходной.";"mgomz.ru";"2639270310";"200755";"464.6";"35230";"";"";"";"";"";"";"";"";"";"";"";"";"";"{coordinates=[[37.763534556, 55.792664161], [37.765516653, 55.790919154], [37.759525495, 55.791248871], [37.759334651, 55.792653941], [37.759068226, 55.791675636]], type=MultiPoint}";"";
"Музей";"Дом-музей И.С. Тургенева";"Государственное бюджетное учреждение культуры города Москвы «Государственный музей А.С. Пушкина», Дом-музей И.С. Тургенева";"ГБУК «ГМП», Дом-музей И.С. Тургенева";"nested data";"nested data";"Государственное бюджетное учреждение культуры города Москвы «Государственный музей А.С. Пушкина»";"Богатырев Евгений Анатольевич";"директор";"nested data";"nested data";"nested data";"nested data";"Касса до 17.30, в четверг до 20.30.";"pushkinmuseum.ru";"2639270336";"";"";"";"";"";"";"";"";"";"";"";"";"";"";"";"";"{coordinates=[[37.596097207, 55.738795271]], type=MultiPoint}";"";
"Музей";"Государственный музей Владимира Высоцкого";"Государственное бюджетное учреждение культуры города Москвы «Государственный музей Владимира Высоцкого»";"ГБУК г. Москвы «Государственный музей Владимира Высоцкого»";"nested data";"nested data";"Департамент культуры города Москвы";"Высоцкий Никита Владимирович";"директор";"nested data";"nested data";"nested data";"nested data";"Указано время работы экспозиции Музея. Время работы мемориального кабинета В.С.Высоцкого расписано на сайте. Санитарный день - последняя Пятница месяца. Акция &quot;Бесплатное посещение&quot; - ЧЕТВЕРГ третьей недели каждого месяца. Для всех посетителей: экскурсионное обслуживание - на платной основе.";"visotsky.ru";"2639270341";"2726.2";"567.2";"52924";"144";"664";"86";"287";"200";"";"";"";"26885";"";"60";"24598";"";"{coordinates=[[37.65154424, 55.744614761]], type=MultiPoint}";"";
"Музей";"Мемориальный музей космонавтики, Мемориальный дом-музей академика С. П. Королева";"Государственное бюджетное учреждение культуры города Москвы «Мемориальный музей космонавтики», Мемориальный дом-музей академика С. П. Королева";"ГБУК г. Москвы «Мемориальный музей космонавтики», Мемориальный дом-музей академика С. П. Королева";"nested data";"nested data";"Государственное бюджетное учреждение культуры города Москвы «Мемориальный музей космонавтики»";"Артюхина Наталья Витальевна";"директор";"nested data";"nested data";"nested data";"nested data";"Кассы закрываются за полчаса до закрытия музея. Последняя пятница каждого месяца — санитарный день";"kosmo-museum.ru";"2639270359";"325.9";"325.9";"12035";"";"";"";"";"";"";"";"";"";"";"";"";"";"{coordinates=[[37.63210631, 55.823244275]], type=MultiPoint}";"";
"Музей";"Музей Героев Советского Союза и Российской Федерации, Музей обороны Москвы";"Государственное бюджетное учреждение культуры города Москвы «Государственный музей обороны Москвы», Музей Героев Советского Союза и Российской Федерации";"ГБУК г. Москвы «Государственный музей обороны Москвы», Музей Героев Советского Союза и Российской Федерации";"nested data";"nested data";"Департамент культуры города Москвы";"Сереброва Елена Владимировна";"директор";"nested data";"nested data";"nested data";"nested data";"Касса закрывается в 17.30, в четверг - 20.30. Последняя пятница месяца - санитарный день.";"gmom.ru";"2660559399";"";"";"";"";"";"";"";"";"";"";"";"";"";"";"";"";"{coordinates=[[37.583866334, 55.681823945]], type=MultiPoint}";"";
"Музей";"Музей-панорама «Бородинская битва»";"Государственное бюджетное учреждение культуры города Москвы «Музей-панорама «Бородинская битва»";"ГБУК «Музей-панорама «Бородинская битва»";"nested data";"nested data";"Департамент культуры города Москвы";"Преснов Владимир Александрович";"директор";"nested data";"nested data";"nested data";"nested data";"Указан график работы музея «Кутузовская изба и Каретный сарай» (посещение по сеансам каждый час) и «Музея Героев Советского Союза и России». Музей-панорама «Бородинская битва» открыт с 10 до 18ч., в четверг с 10:00 до 21:00. Музей закрыт в пятницу. Вход в музей прекращается за 45 минут до закрытия. Для организованных групп экскурсионное обслуживание проводится по предварительной записи. Для индивидуальных посетителей в субботу и воскресенье c 12:00 до 16:00 по сеансам каждый час проводятся сборные обзорные экскурсии.";"1812panorama.ru";"2660559403";"6553";"3768.1";"42947";"737";"21720";"96";"1797";"1979";"";"";"511";"13949";"";"";"1222";"274";"{coordinates=[[37.52310804, 55.739765638], [37.523261737, 55.738857794]], type=MultiPoint}";"";
